,User_ID,Store_ID,Rating
0,33,0,5
1,34,0,3
2,35,0,5
3,36,0,5
4,37,0,5
5,38,0,5
6,39,0,5
7,40,0,4
8,41,0,4
9,42,0,5
10,43,0,5
11,44,0,5
12,45,0,4
13,46,0,4
14,47,0,4
15,48,0,5
16,49,0,5
17,50,0,4
18,51,0,5
19,52,0,5
20,53,0,4
21,54,0,4
22,55,0,4
23,56,0,4
24,57,0,4
25,58,0,5
26,59,0,5
27,60,0,5
28,61,0,5
29,62,0,5
30,63,0,5
31,64,0,5
32,65,0,5
33,66,0,5
34,67,0,5
35,68,0,5
36,69,0,5
37,70,0,4
38,71,0,4
39,72,0,4
40,73,0,5
41,74,0,5
42,75,0,5
43,76,0,4
44,77,0,5
45,78,0,4
46,79,0,4
47,80,0,5
48,81,0,4
49,82,0,5
50,83,0,5
51,84,0,4
52,85,0,5
53,86,0,5
54,87,0,5
55,88,0,5
56,89,0,4
57,90,0,3
58,91,0,4
59,92,0,5
60,93,0,5
61,94,0,5
62,95,0,5
63,96,0,5
64,97,0,5
65,98,0,5
66,99,0,5
67,100,0,5
68,101,0,5
69,102,0,5
70,103,0,5
71,104,0,5
72,105,0,4
73,106,0,5
74,107,0,5
75,108,0,5
76,109,0,5
77,110,0,5
78,111,0,3
79,112,0,4
80,113,0,5
81,114,0,5
82,115,0,5
83,116,0,5
84,117,0,5
85,118,0,5
86,119,0,5
87,120,0,5
88,121,0,5
89,122,0,5
90,123,0,5
91,124,0,3
92,125,0,5
93,126,0,5
94,127,0,5
95,128,0,3
96,129,0,4
97,130,0,4
98,131,0,5
99,132,0,5
100,133,0,4
101,134,0,5
102,135,0,5
103,136,0,5
104,137,0,5
105,138,0,4
106,139,0,4
107,140,0,4
108,141,0,5
109,142,0,5
110,143,0,5
111,144,0,5
112,145,0,5
113,146,0,5
114,147,0,5
115,148,0,5
116,149,0,5
117,150,0,5
118,151,0,5
119,152,0,5
120,153,0,5
121,154,0,4
122,155,0,5
123,156,0,4
124,157,0,5
125,158,0,5
126,159,0,5
127,160,0,5
128,161,0,3
129,162,0,4
130,163,0,5
131,164,0,5
132,165,0,5
133,166,0,5
134,167,0,5
135,168,0,5
136,169,0,4
137,170,0,5
138,171,0,5
139,172,0,5
140,173,0,5
141,174,0,5
142,175,0,5
143,176,0,3
144,177,0,5
145,178,0,5
146,179,0,4
147,180,0,5
148,181,0,4
149,182,0,5
150,183,0,3
151,184,0,5
152,185,0,5
153,186,0,5
154,187,0,5
155,188,0,4
156,189,0,5
157,190,0,5
158,191,0,1
159,192,0,5
160,193,0,5
161,194,0,5
162,153,0,5
163,195,0,5
164,196,0,5
165,197,0,5
166,198,0,5
167,199,0,4
168,200,0,5
169,201,0,4
170,202,0,5
171,203,0,5
172,204,0,2
173,205,0,4
174,206,0,5
175,207,0,5
176,208,0,4
177,209,0,5
178,210,1,5
179,36,1,5
180,211,1,5
181,212,1,5
182,138,1,4
183,213,1,5
184,214,1,5
185,38,1,4
186,215,1,5
187,48,1,5
188,216,1,5
189,42,1,5
190,217,1,5
191,218,1,5
192,219,1,5
193,220,1,5
194,221,1,5
195,222,1,4
196,223,1,5
197,224,1,5
198,225,1,4
199,226,1,5
200,40,1,4
201,124,1,4
202,227,1,3
203,228,1,5
204,229,1,4
205,230,1,5
206,231,1,3
207,232,1,5
208,179,1,4
209,233,1,4
210,115,1,5
211,234,1,5
212,96,1,5
213,235,1,5
214,236,1,4
215,237,1,4
216,238,1,5
217,239,1,5
218,240,1,3
219,164,1,5
220,187,1,5
221,241,1,4
222,242,1,5
223,243,1,5
224,244,1,5
225,245,1,5
226,246,1,5
227,247,1,5
228,248,1,5
229,249,1,5
230,250,1,5
231,251,1,5
232,151,1,5
233,252,1,4
234,253,1,5
235,254,2,5
236,255,2,5
237,36,2,4
238,38,2,4
239,256,2,5
240,257,2,5
241,258,2,5
242,259,2,5
243,260,2,4
244,35,2,5
245,122,2,5
246,261,2,5
247,96,2,5
248,262,2,5
249,263,2,4
250,264,2,4
251,124,2,4
252,265,2,4
253,266,2,5
254,267,2,5
255,268,2,5
256,269,2,5
257,270,2,5
258,73,2,4
259,271,2,4
260,272,2,5
261,273,2,5
262,274,2,4
263,275,2,5
264,276,2,5
265,277,2,5
266,278,2,5
267,279,2,5
268,280,2,3
269,281,2,5
270,282,2,5
271,283,2,4
272,284,2,3
273,285,2,5
274,286,2,4
275,287,2,3
276,288,2,5
277,289,2,3
278,290,2,5
279,291,2,5
280,292,2,5
281,151,2,5
282,293,2,5
283,164,2,5
284,294,2,5
285,295,2,4
286,296,2,5
287,297,3,5
288,298,3,3
289,299,3,5
290,300,3,4
291,229,3,4
292,301,3,4
293,302,3,5
294,124,3,5
295,303,3,4
296,304,3,4
297,305,3,4
298,306,3,3
299,43,3,5
300,307,3,5
301,48,3,5
302,308,3,4
303,309,3,5
304,310,3,5
305,49,3,5
306,311,3,5
307,312,3,5
308,313,3,5
309,314,3,4
310,315,3,5
311,42,3,5
312,78,3,5
313,316,3,5
314,317,3,5
315,318,3,5
316,200,3,5
317,319,3,5
318,320,3,5
319,55,3,5
320,321,3,5
321,322,3,5
322,323,3,5
323,324,3,5
324,325,3,5
325,326,3,4
326,58,3,5
327,327,3,4
328,328,3,5
329,329,3,4
330,330,3,5
331,331,3,3
332,332,3,5
333,333,3,5
334,334,3,5
335,335,3,4
336,336,3,5
337,337,3,3
338,94,3,5
339,338,3,3
340,339,3,5
341,340,3,2
342,341,3,4
343,342,3,5
344,343,3,5
345,344,3,4
346,345,3,4
347,346,3,4
348,347,3,5
349,73,3,5
350,348,3,5
351,349,3,5
352,79,3,4
353,350,3,4
354,351,3,4
355,352,3,5
356,353,3,5
357,354,3,5
358,355,3,5
359,356,3,4
360,38,3,4
361,357,3,5
362,358,3,5
363,169,3,4
364,359,3,5
365,360,3,5
366,361,3,4
367,362,3,5
368,363,3,5
369,364,3,4
370,365,3,5
371,366,3,4
372,367,3,4
373,368,3,5
374,369,3,5
375,153,3,5
376,370,3,5
377,371,3,5
378,372,3,5
379,373,3,4
380,374,3,5
381,375,3,5
382,376,3,4
383,377,3,5
384,378,3,5
385,96,3,5
386,379,3,4
387,380,3,5
388,381,3,5
389,111,3,4
390,205,3,5
391,382,3,5
392,383,3,5
393,384,3,5
394,385,3,4
395,122,3,5
396,386,3,5
397,387,3,5
398,388,3,5
399,389,3,5
400,390,3,5
401,391,3,5
402,392,3,5
403,393,3,5
404,394,3,5
405,395,3,5
406,396,3,5
407,397,3,5
408,398,3,5
409,399,3,5
410,400,3,4
411,401,3,5
412,102,3,4
413,402,3,4
414,403,3,4
415,222,3,5
416,404,3,5
417,405,3,4
418,406,3,5
419,407,3,5
420,408,3,5
421,409,3,5
422,410,3,5
423,411,3,5
424,412,3,5
425,413,3,5
426,414,3,5
427,415,3,5
428,138,3,5
429,416,3,5
430,417,3,5
431,418,3,4
432,419,3,5
433,131,3,5
434,176,3,4
435,420,3,5
436,421,3,5
437,422,3,4
438,423,3,4
439,424,3,4
440,46,3,4
441,425,3,5
442,426,3,5
443,427,3,4
444,428,3,5
445,429,3,5
446,430,3,4
447,431,3,4
448,432,3,5
449,433,3,5
450,434,3,4
451,435,3,4
452,436,3,5
453,437,3,5
454,438,3,5
455,439,3,5
456,440,3,5
457,441,3,4
458,148,3,5
459,442,3,5
460,443,3,4
461,201,3,4
462,444,3,4
463,445,3,3
464,446,3,4
465,447,3,5
466,448,3,1
467,449,3,4
468,450,3,3
469,52,3,5
470,451,3,5
471,452,3,4
472,453,3,3
473,454,3,5
474,455,3,5
475,456,3,5
476,457,3,5
477,458,3,5
478,459,3,5
479,291,3,5
480,460,3,4
481,461,3,4
482,462,3,5
483,463,3,4
484,128,3,3
485,464,3,4
486,465,3,4
487,466,3,4
488,467,3,4
489,468,3,4
490,469,3,5
491,470,3,5
492,471,3,5
493,472,3,5
494,473,3,4
495,474,3,5
496,475,3,3
497,476,3,3
498,477,3,5
499,478,3,5
500,479,3,5
501,480,3,5
502,481,3,4
503,482,3,5
504,483,3,5
505,484,3,4
506,485,3,3
507,486,3,5
508,487,3,5
509,488,3,4
510,489,3,5
511,490,3,5
512,491,3,4
513,492,3,5
514,493,3,3
515,494,3,2
516,145,3,5
517,161,3,5
518,495,3,2
519,496,3,4
520,497,3,5
521,498,3,5
522,295,3,5
523,499,3,5
524,500,3,5
525,501,3,5
526,502,3,5
527,503,3,3
528,504,3,5
529,505,3,5
530,506,3,5
531,507,3,5
532,508,3,4
533,509,3,5
534,510,3,5
535,127,3,4
536,155,3,5
537,511,3,3
538,512,3,5
539,513,3,5
540,514,3,5
541,515,3,5
542,516,4,5
543,307,4,5
544,517,4,4
545,518,4,4
546,519,4,4
547,35,4,5
548,520,4,5
549,521,4,5
550,48,4,5
551,522,4,5
552,523,4,5
553,223,4,4
554,64,4,5
555,69,4,5
556,179,4,4
557,37,4,5
558,94,4,5
559,524,4,5
560,525,4,4
561,526,4,5
562,527,4,5
563,44,4,5
564,528,4,5
565,529,4,5
566,46,4,4
567,124,4,4
568,319,4,5
569,530,4,4
570,531,4,5
571,532,4,5
572,533,4,5
573,534,4,5
574,535,4,5
575,128,4,4
576,536,4,5
577,537,4,4
578,538,4,4
579,93,4,4
580,539,4,5
581,540,4,5
582,400,4,5
583,541,4,4
584,112,4,4
585,138,4,3
586,542,4,4
587,543,4,5
588,544,4,5
589,545,4,5
590,145,4,5
591,546,4,5
592,547,4,5
593,548,4,5
594,549,4,4
595,550,4,5
596,551,4,5
597,183,4,3
598,552,4,5
599,553,4,5
600,290,4,5
601,554,4,3
602,555,4,4
603,556,4,5
604,557,4,4
605,199,4,5
606,558,4,3
607,559,4,4
608,560,4,1
609,338,4,3
610,561,4,5
611,562,4,4
612,563,4,4
613,564,4,4
614,565,4,4
615,566,4,5
616,279,4,5
617,567,4,1
618,568,4,5
619,569,4,5
620,151,4,5
621,570,4,5
622,571,4,5
623,295,4,5
624,572,4,5
625,573,4,4
626,574,4,5
627,472,4,5
628,575,4,5
629,576,5,5
630,577,5,4
631,578,5,5
632,579,5,5
633,580,5,4
634,519,5,5
635,581,5,3
636,582,5,4
637,583,5,5
638,584,5,4
639,223,5,5
640,585,5,5
641,218,5,5
642,586,5,5
643,587,5,5
644,363,5,4
645,588,5,5
646,589,5,4
647,590,5,5
648,591,5,4
649,592,5,5
650,593,5,5
651,594,5,5
652,595,5,5
653,596,5,5
654,597,5,4
655,87,5,5
656,598,5,5
657,599,5,5
658,600,5,4
659,601,5,4
660,602,5,5
661,603,5,5
662,604,5,5
663,605,5,5
664,606,5,4
665,607,5,5
666,608,5,4
667,355,5,5
668,609,5,4
669,610,5,5
670,325,5,5
671,276,5,5
672,611,5,3
673,612,5,4
674,613,5,5
675,614,5,2
676,615,5,5
677,616,5,4
678,617,5,5
679,618,5,3
680,619,5,4
681,115,5,5
682,620,5,5
683,58,5,4
684,621,5,4
685,622,5,4
686,623,5,4
687,624,5,4
688,392,5,4
689,625,5,5
690,626,5,5
691,627,5,5
692,628,5,3
693,629,5,5
694,630,5,4
695,631,5,5
696,433,5,4
697,632,5,5
698,633,5,5
699,534,5,5
700,634,5,5
701,437,5,5
702,635,5,5
703,636,5,4
704,637,5,5
705,638,5,5
706,639,5,4
707,640,5,5
708,641,5,4
709,642,5,5
710,643,5,5
711,644,5,5
712,645,5,5
713,646,5,5
714,647,5,5
715,124,5,3
716,648,5,2
717,513,5,5
718,649,5,5
719,505,5,5
720,487,5,5
721,650,5,5
722,651,5,4
723,652,5,3
724,431,5,4
725,653,5,5
726,654,5,5
727,655,5,5
728,656,5,4
729,657,5,4
730,658,5,4
731,659,5,5
732,660,5,5
733,661,5,5
734,338,5,4
735,662,5,4
736,663,5,5
737,664,5,4
738,665,5,5
739,666,5,5
740,667,5,4
741,668,5,4
742,669,5,4
743,442,5,5
744,670,5,5
745,671,5,5
746,672,5,4
747,673,5,4
748,418,5,4
749,674,5,4
750,675,5,5
751,676,5,5
752,677,5,5
753,139,5,4
754,678,5,5
755,679,5,3
756,680,5,5
757,681,5,4
758,502,5,5
759,153,5,5
760,682,5,5
761,683,5,5
762,255,6,5
763,301,6,5
764,298,6,5
765,38,6,4
766,528,6,4
767,684,6,4
768,48,6,5
769,685,6,5
770,686,6,5
771,46,6,4
772,687,6,4
773,688,6,5
774,689,6,5
775,690,6,5
776,691,6,4
777,692,6,5
778,215,6,5
779,693,6,5
780,694,6,5
781,695,6,3
782,47,6,5
783,696,6,5
784,697,6,5
785,698,6,5
786,600,6,4
787,44,6,5
788,699,6,5
789,700,6,5
790,701,6,5
791,702,6,5
792,535,6,5
793,703,6,5
794,704,6,5
795,705,6,5
796,348,6,4
797,124,6,5
798,706,6,5
799,707,6,5
800,708,6,5
801,709,6,5
802,710,6,4
803,711,6,5
804,712,6,4
805,79,6,4
806,128,6,4
807,713,6,5
808,714,6,5
809,715,6,5
810,716,6,5
811,717,6,5
812,718,6,5
813,335,6,4
814,719,6,4
815,720,6,5
816,721,6,5
817,722,6,5
818,723,6,4
819,724,6,4
820,725,6,5
821,526,6,4
822,726,6,2
823,279,6,5
824,78,6,5
825,727,6,5
826,728,6,4
827,342,6,5
828,233,6,5
829,729,6,4
830,730,6,5
831,731,6,5
832,732,6,5
833,733,6,4
834,734,6,5
835,735,6,4
836,196,6,1
837,207,6,5
838,736,6,4
839,737,6,5
840,738,6,5
841,739,6,3
842,363,6,4
843,740,6,5
844,741,6,5
845,554,6,4
846,120,6,5
847,742,6,3
848,743,6,4
849,744,6,5
850,34,6,4
851,745,6,5
852,746,6,5
853,747,6,5
854,153,6,5
855,748,6,5
856,749,6,5
857,750,6,5
858,751,6,5
859,40,6,4
860,752,6,5
861,91,6,4
862,753,6,5
863,754,6,4
864,755,6,5
865,756,6,5
866,87,6,5
867,757,6,5
868,65,6,5
869,758,6,5
870,759,6,5
871,760,6,4
872,99,6,5
873,761,6,5
874,762,6,5
875,763,6,5
876,562,6,5
877,764,6,4
878,765,6,5
879,766,6,4
880,767,6,5
881,400,6,5
882,768,6,3
883,102,6,5
884,383,6,5
885,769,6,5
886,770,6,4
887,111,6,4
888,771,6,4
889,614,6,5
890,772,6,5
891,773,6,5
892,774,6,5
893,775,6,5
894,276,6,5
895,776,6,5
896,423,6,4
897,777,6,5
898,778,6,5
899,779,6,4
900,407,6,5
901,780,6,5
902,781,6,5
903,782,6,4
904,783,6,5
905,784,6,4
906,785,6,5
907,786,6,5
908,787,6,3
909,397,6,5
910,788,6,4
911,789,6,3
912,790,6,5
913,413,6,5
914,791,6,5
915,153,6,5
916,792,6,5
917,793,6,5
918,794,6,5
919,795,6,5
920,796,6,3
921,797,6,5
922,643,6,5
923,513,6,5
924,798,6,5
925,145,6,5
926,799,6,5
927,507,6,5
928,800,6,5
929,801,6,4
930,802,6,5
931,803,6,5
932,804,6,5
933,805,6,4
934,806,6,5
935,807,6,5
936,338,6,4
937,471,6,4
938,127,6,5
939,808,6,5
940,809,6,3
941,810,6,5
942,484,6,4
943,811,6,4
944,242,6,5
945,812,6,5
946,813,6,4
947,814,6,4
948,441,6,4
949,815,6,5
950,640,6,5
951,816,6,5
952,817,6,1
953,509,6,5
954,201,6,4
955,818,6,5
956,476,6,3
957,75,6,5
958,468,6,4
959,819,6,5
960,820,6,3
961,821,6,5
962,188,6,5
963,505,6,5
964,822,6,5
965,823,6,5
966,824,6,5
967,280,6,5
968,825,6,5
969,826,6,2
970,827,6,1
971,86,6,5
972,828,6,5
973,141,6,5
974,829,6,5
975,830,6,5
976,831,6,5
977,244,6,4
978,832,6,5
979,833,6,5
980,834,6,5
981,538,6,4
982,835,6,5
983,515,6,5
984,836,6,5
985,837,6,5
986,838,6,4
987,295,6,5
988,839,6,5
989,840,6,5
990,193,6,5
991,841,6,5
992,502,6,5
993,459,6,3
994,842,6,4
995,433,7,4
996,843,7,4
997,35,7,4
998,844,7,4
999,845,7,5
1000,846,7,5
1001,847,7,3
1002,848,7,5
1003,548,7,4
1004,308,7,5
1005,703,7,5
1006,34,7,4
1007,153,7,5
1008,362,7,5
1009,849,7,4
1010,850,7,4
1011,851,7,4
1012,852,7,5
1013,853,7,5
1014,722,7,5
1015,48,7,4
1016,854,7,4
1017,855,7,4
1018,87,7,5
1019,856,7,5
1020,857,7,4
1021,326,7,3
1022,858,7,5
1023,859,7,5
1024,860,7,5
1025,861,7,5
1026,862,7,5
1027,863,7,4
1028,864,7,4
1029,865,7,4
1030,742,7,3
1031,866,7,4
1032,867,7,5
1033,218,7,4
1034,868,7,4
1035,869,7,5
1036,84,7,5
1037,870,7,5
1038,871,7,5
1039,872,7,5
1040,873,7,4
1041,874,7,5
1042,875,7,4
1043,876,7,4
1044,877,7,4
1045,878,7,3
1046,879,7,4
1047,880,7,5
1048,881,7,4
1049,284,7,5
1050,271,7,3
1051,882,7,4
1052,523,7,5
1053,883,7,5
1054,884,7,5
1055,885,7,5
1056,886,7,5
1057,887,7,4
1058,888,7,4
1059,102,7,5
1060,889,7,5
1061,890,7,4
1062,891,7,3
1063,892,7,5
1064,893,7,5
1065,383,7,5
1066,894,7,5
1067,895,7,5
1068,896,7,5
1069,717,7,5
1070,897,7,5
1071,898,7,5
1072,899,7,4
1073,900,7,5
1074,901,7,5
1075,902,7,3
1076,123,7,4
1077,903,7,5
1078,511,7,4
1079,904,7,4
1080,905,7,5
1081,184,7,4
1082,491,7,4
1083,906,7,5
1084,907,7,5
1085,908,7,4
1086,909,7,3
1087,910,7,4
1088,327,7,4
1089,509,7,5
1090,911,7,5
1091,912,7,5
1092,913,7,4
1093,914,7,4
1094,915,7,4
1095,916,7,4
1096,917,7,5
1097,918,7,1
1098,667,7,4
1099,919,7,5
1100,920,7,5
1101,921,7,5
1102,922,7,4
1103,923,7,5
1104,924,7,5
1105,127,7,5
1106,925,7,5
1107,926,7,4
1108,927,7,5
1109,621,7,4
1110,928,7,5
1111,929,7,4
1112,930,7,5
1113,931,7,5
1114,932,7,5
1115,933,7,5
1116,934,7,4
1117,935,7,5
1118,936,7,5
1119,937,7,4
1120,938,7,4
1121,735,7,4
1122,647,7,5
1123,939,7,5
1124,940,7,5
1125,941,7,5
1126,942,7,5
1127,943,7,3
1128,944,7,4
1129,945,7,5
1130,946,8,5
1131,122,8,5
1132,528,8,5
1133,947,8,5
1134,948,8,5
1135,47,8,5
1136,94,8,5
1137,48,8,5
1138,949,8,5
1139,358,8,5
1140,950,8,5
1141,205,8,5
1142,540,8,4
1143,102,8,4
1144,951,8,4
1145,401,8,4
1146,952,8,4
1147,953,8,5
1148,954,8,5
1149,634,8,5
1150,955,8,5
1151,956,8,5
1152,957,8,3
1153,958,8,5
1154,169,8,4
1155,265,8,4
1156,959,9,4
1157,48,9,5
1158,438,9,5
1159,960,9,4
1160,961,9,5
1161,962,9,5
1162,963,9,5
1163,964,9,5
1164,965,9,5
1165,122,9,5
1166,115,9,5
1167,179,9,4
1168,966,9,5
1169,967,9,5
1170,36,10,5
1171,48,10,5
1172,47,10,5
1173,968,10,4
1174,94,10,5
1175,523,10,5
1176,954,10,5
1177,124,10,5
1178,969,10,4
1179,970,10,5
1180,971,10,5
1181,725,10,5
1182,433,10,5
1183,219,10,5
1184,335,10,4
1185,234,10,5
1186,972,10,5
1187,538,10,4
1188,973,10,5
1189,205,10,4
1190,274,10,5
1191,276,10,5
1192,974,10,5
1193,975,10,5
1194,542,10,5
1195,102,10,4
1196,122,10,5
1197,295,10,5
1198,976,10,5
1199,279,10,5
1200,151,10,5
1201,232,10,4
1202,977,10,5
1203,40,10,3
1204,978,10,5
1205,849,10,5
1206,979,10,5
1207,265,10,4
1208,980,10,5
1209,397,10,5
1210,556,10,5
1211,981,10,4
1212,201,10,4
1213,244,10,5
1214,982,10,5
1215,380,11,5
1216,48,11,5
1217,780,11,4
1218,983,11,5
1219,984,11,5
1220,985,11,5
1221,526,11,4
1222,986,11,4
1223,38,11,4
1224,523,11,5
1225,952,11,5
1226,233,11,4
1227,987,11,5
1228,849,11,5
1229,988,11,5
1230,94,11,5
1231,649,11,5
1232,338,11,5
1233,989,11,5
1234,115,11,5
1235,274,11,5
1236,990,11,5
1237,991,11,5
1238,954,11,5
1239,783,11,5
1240,401,11,5
1241,992,11,5
1242,980,11,5
1243,265,11,4
1244,993,11,5
1245,279,11,5
1246,127,11,5
1247,994,11,5
1248,995,11,5
1249,996,11,5
1250,997,11,5
1251,998,11,5
1252,438,12,4
1253,959,12,5
1254,999,12,5
1255,1000,12,5
1256,1001,12,5
1257,45,12,5
1258,952,12,5
1259,528,12,5
1260,1002,12,5
1261,1003,12,5
1262,1004,12,5
1263,960,12,5
1264,94,12,5
1265,215,12,4
1266,512,12,5
1267,1005,12,4
1268,1006,12,4
1269,295,12,5
1270,1007,12,5
1271,1008,12,5
1272,337,12,4
1273,1009,12,5
1274,1010,12,5
1275,1011,12,5
1276,1012,12,5
1277,1013,12,4
1278,552,12,5
1279,73,12,3
1280,526,12,4
1281,1014,12,5
1282,1015,12,4
1283,299,12,5
1284,759,12,5
1285,1016,12,5
1286,169,12,4
1287,1017,12,5
1288,1018,12,5
1289,1019,12,5
1290,1020,12,5
1291,444,12,4
1292,1021,12,5
1293,1022,12,5
1294,1023,12,5
1295,1024,12,5
1296,1025,12,5
1297,1026,12,5
1298,1027,12,5
1299,1028,12,1
1300,1029,12,5
1301,1030,12,5
1302,1031,12,5
1303,1032,12,5
1304,1033,12,5
1305,270,12,5
1306,1034,12,5
1307,1035,12,5
1308,1036,12,5
1309,179,12,5
1310,1037,12,5
1311,1038,12,5
1312,1039,12,3
1313,48,13,5
1314,301,13,4
1315,325,13,3
1316,1040,13,5
1317,843,14,4
1318,1041,14,5
1319,1042,14,4
1320,1043,14,5
1321,1044,14,4
1322,1045,14,5
1323,40,14,4
1324,1046,14,5
1325,1047,14,4
1326,1048,14,5
1327,1049,14,4
1328,269,14,5
1329,94,14,5
1330,1050,14,5
1331,1051,14,5
1332,1052,14,5
1333,1053,14,5
1334,153,14,5
1335,1054,14,5
1336,45,14,4
1337,1055,14,5
1338,1056,14,5
1339,1057,14,4
1340,1058,14,5
1341,1059,14,5
1342,488,14,4
1343,1060,14,4
1344,1061,14,5
1345,1062,14,5
1346,1016,14,5
1347,1063,14,4
1348,1064,14,4
1349,752,14,5
1350,418,14,5
1351,1065,14,4
1352,73,14,5
1353,1066,14,1
1354,1067,14,5
1355,491,14,4
1356,651,14,4
1357,605,14,5
1358,1068,14,5
1359,1069,14,5
1360,1070,14,4
1361,1071,14,1
1362,405,14,5
1363,1072,14,5
1364,1073,14,4
1365,1074,14,5
1366,1075,14,5
1367,1076,14,5
1368,1077,14,5
1369,64,14,5
1370,58,14,3
1371,1078,14,5
1372,1079,14,3
1373,1080,14,5
1374,1081,14,4
1375,1082,14,4
1376,841,14,5
1377,1083,14,4
1378,1084,14,4
1379,86,14,5
1380,1085,14,5
1381,1086,14,5
1382,1087,14,5
1383,1088,14,3
1384,1089,14,5
1385,1090,14,4
1386,1091,14,4
1387,1092,14,5
1388,1009,14,2
1389,1093,14,4
1390,1094,14,5
1391,1095,14,1
1392,1096,14,2
1393,502,14,4
1394,1097,14,3
1395,1098,14,1
1396,1099,14,3
1397,96,14,5
1398,655,14,4
1399,1100,14,5
1400,174,14,4
1401,1101,14,4
1402,1102,14,5
1403,1103,14,4
1404,511,14,4
1405,1104,14,1
1406,1105,14,4
1407,1106,14,4
1408,284,14,1
1409,1107,14,4
1410,1108,14,5
1411,1109,14,5
1412,1110,14,5
1413,1111,14,4
1414,600,14,4
1415,1112,14,5
1416,1113,14,2
1417,1114,14,5
1418,1115,14,3
1419,1116,14,5
1420,1117,14,5
1421,1118,14,4
1422,1039,14,5
1423,513,14,5
1424,1119,14,4
1425,1120,14,3
1426,638,14,5
1427,1121,14,5
1428,1122,14,5
1429,1123,14,3
1430,1124,15,3
1431,1125,15,3
1432,960,15,5
1433,1126,15,5
1434,1127,15,4
1435,36,15,3
1436,313,15,4
1437,1128,15,5
1438,1129,15,5
1439,1130,15,5
1440,1131,15,5
1441,1132,15,5
1442,1133,15,5
1443,1134,15,5
1444,1135,16,5
1445,301,16,4
1446,1136,16,5
1447,1137,16,5
1448,1138,16,5
1449,1139,16,4
1450,1140,16,5
1451,1141,16,5
1452,1142,16,4
1453,1143,16,5
1454,326,16,1
1455,1144,16,5
1456,705,16,5
1457,362,16,3
1458,1145,16,4
1459,438,16,4
1460,1146,16,5
1461,1147,16,3
1462,1148,16,4
1463,512,16,5
1464,1149,16,2
1465,1150,16,5
1466,1151,16,4
1467,1152,16,3
1468,1153,16,5
1469,1154,16,5
1470,1003,16,3
1471,1155,16,4
1472,1156,16,5
1473,1157,16,5
1474,1158,16,2
1475,1159,16,5
1476,1160,16,4
1477,1161,16,3
1478,1162,16,3
1479,1163,16,5
1480,1164,16,5
1481,87,16,5
1482,1165,16,4
1483,1166,16,5
1484,1167,16,4
1485,1168,16,4
1486,1169,16,3
1487,223,16,4
1488,1170,16,3
1489,1171,16,4
1490,1172,16,5
1491,1173,16,5
1492,1174,16,3
1493,1175,16,3
1494,1176,16,5
1495,1177,16,5
1496,1178,16,5
1497,1179,16,3
1498,1180,16,4
1499,1181,16,5
1500,1182,16,5
1501,1183,16,4
1502,1184,16,5
1503,94,16,5
1504,96,16,5
1505,1185,16,5
1506,219,16,3
1507,1186,16,4
1508,1187,16,4
1509,1188,16,5
1510,1189,16,5
1511,1190,16,4
1512,1191,16,4
1513,1192,16,5
1514,1076,16,5
1515,1193,16,5
1516,1194,16,3
1517,1195,16,5
1518,1196,16,5
1519,1197,16,5
1520,1198,16,5
1521,183,16,5
1522,1199,16,5
1523,1200,16,5
1524,1201,16,4
1525,428,16,4
1526,1202,16,5
1527,1203,16,5
1528,1204,16,5
1529,1205,16,5
1530,1206,16,5
1531,1207,16,5
1532,1208,16,5
1533,1209,16,5
1534,1210,16,4
1535,1211,16,5
1536,338,16,4
1537,1212,16,5
1538,1213,16,4
1539,1214,16,5
1540,1215,16,2
1541,1216,16,5
1542,554,16,3
1543,1217,16,5
1544,1218,16,4
1545,1219,16,5
1546,868,16,4
1547,630,16,4
1548,1220,16,4
1549,1221,16,1
1550,1222,16,5
1551,1223,16,4
1552,1224,16,4
1553,1032,16,4
1554,444,16,4
1555,545,16,3
1556,1225,16,5
1557,1226,16,5
1558,1184,16,1
1559,1227,16,5
1560,1228,16,5
1561,655,16,3
1562,295,16,5
1563,1229,16,4
1564,1230,16,3
1565,246,16,5
1566,1231,16,5
1567,1232,16,5
1568,1233,16,5
1569,1234,16,4
1570,1235,16,5
1571,1236,16,5
1572,1237,16,5
1573,1238,16,5
1574,796,16,5
1575,552,16,4
1576,1135,17,5
1577,301,17,4
1578,1136,17,5
1579,1137,17,5
1580,1138,17,5
1581,1139,17,4
1582,1140,17,5
1583,1141,17,5
1584,1142,17,4
1585,1143,17,5
1586,326,17,1
1587,1144,17,5
1588,705,17,5
1589,362,17,3
1590,1145,17,4
1591,438,17,4
1592,1146,17,5
1593,1147,17,3
1594,1148,17,4
1595,512,17,5
1596,1149,17,2
1597,1150,17,5
1598,1151,17,4
1599,1152,17,3
1600,1153,17,5
1601,1154,17,5
1602,1003,17,3
1603,1155,17,4
1604,1156,17,5
1605,1157,17,5
1606,1158,17,2
1607,1159,17,5
1608,1160,17,4
1609,1161,17,3
1610,1162,17,3
1611,1163,17,5
1612,1164,17,5
1613,87,17,5
1614,1165,17,4
1615,1166,17,5
1616,1167,17,4
1617,1168,17,4
1618,1169,17,3
1619,223,17,4
1620,1170,17,3
1621,1171,17,4
1622,1172,17,5
1623,1173,17,5
1624,1174,17,3
1625,1175,17,3
1626,1176,17,5
1627,1177,17,5
1628,1178,17,5
1629,1179,17,3
1630,1180,17,4
1631,1181,17,5
1632,1182,17,5
1633,1183,17,4
1634,1184,17,5
1635,94,17,5
1636,96,17,5
1637,1185,17,5
1638,219,17,3
1639,1186,17,4
1640,1187,17,4
1641,1188,17,5
1642,1189,17,5
1643,1190,17,4
1644,1191,17,4
1645,1192,17,5
1646,1076,17,5
1647,1193,17,5
1648,1194,17,3
1649,1195,17,5
1650,1196,17,5
1651,1197,17,5
1652,1198,17,5
1653,183,17,5
1654,1199,17,5
1655,1200,17,5
1656,1201,17,4
1657,428,17,4
1658,1202,17,5
1659,1203,17,5
1660,1204,17,5
1661,1205,17,5
1662,1206,17,5
1663,1207,17,5
1664,1208,17,5
1665,1209,17,5
1666,1210,17,4
1667,1211,17,5
1668,338,17,4
1669,1212,17,5
1670,1213,17,4
1671,1214,17,5
1672,1215,17,2
1673,1216,17,5
1674,554,17,3
1675,1217,17,5
1676,1218,17,4
1677,1219,17,5
1678,868,17,4
1679,630,17,4
1680,1220,17,4
1681,1221,17,1
1682,1222,17,5
1683,1223,17,4
1684,1224,17,4
1685,1032,17,4
1686,444,17,4
1687,545,17,3
1688,1225,17,5
1689,1226,17,5
1690,1184,17,1
1691,1227,17,5
1692,1228,17,5
1693,655,17,3
1694,295,17,5
1695,1229,17,4
1696,1230,17,3
1697,246,17,5
1698,1231,17,5
1699,1232,17,5
1700,1233,17,5
1701,1234,17,4
1702,1235,17,5
1703,1236,17,5
1704,1237,17,5
1705,1238,17,5
1706,796,17,5
1707,552,17,4
1708,1239,18,5
1709,1240,18,5
1710,1241,18,5
1711,1242,18,5
1712,1243,18,5
1713,516,18,5
1714,719,18,5
1715,1244,18,5
1716,1245,18,5
1717,259,18,5
1718,1246,18,5
1719,1247,18,5
1720,215,18,3
1721,959,18,5
1722,1248,18,4
1723,438,18,5
1724,1126,18,5
1725,306,18,4
1726,1249,18,5
1727,1250,18,5
1728,44,18,5
1729,1251,18,5
1730,1252,18,5
1731,999,18,5
1732,523,18,5
1733,1253,18,5
1734,94,18,5
1735,1254,18,5
1736,229,18,3
1737,1255,18,5
1738,528,18,5
1739,1256,18,5
1740,46,18,5
1741,218,18,5
1742,48,18,4
1743,701,18,5
1744,1136,18,5
1745,262,18,5
1746,1257,18,4
1747,1258,18,5
1748,1259,18,5
1749,1260,18,5
1750,1261,18,5
1751,1065,18,4
1752,223,18,5
1753,1262,18,5
1754,96,18,5
1755,1263,18,5
1756,1264,18,5
1757,1265,18,5
1758,695,18,1
1759,559,18,5
1760,1266,18,5
1761,1267,18,5
1762,1268,18,5
1763,1269,18,5
1764,1270,18,4
1765,1271,18,4
1766,1272,18,5
1767,155,18,5
1768,1273,18,4
1769,1274,18,5
1770,1275,18,5
1771,1276,18,5
1772,1277,18,5
1773,530,18,1
1774,919,18,4
1775,1278,18,5
1776,1279,18,5
1777,184,18,5
1778,1280,18,4
1779,1281,18,4
1780,1282,18,5
1781,1283,18,5
1782,1284,18,5
1783,384,18,5
1784,113,18,5
1785,1285,18,5
1786,1286,18,5
1787,1287,18,5
1788,124,18,4
1789,1288,18,5
1790,307,18,5
1791,1289,18,5
1792,287,18,5
1793,1290,18,4
1794,1291,18,5
1795,1292,18,5
1796,1293,18,5
1797,1294,18,5
1798,1295,18,5
1799,172,18,5
1800,1039,18,5
1801,290,18,5
1802,265,18,5
1803,1296,18,5
1804,1297,18,4
1805,1298,18,5
1806,397,18,5
1807,1299,18,5
1808,1300,18,4
1809,1301,18,5
1810,1302,18,5
1811,1303,18,4
1812,1304,18,5
1813,338,18,5
1814,1305,18,5
1815,601,18,3
1816,1024,18,5
1817,1306,18,5
1818,1307,18,5
1819,1308,18,3
1820,1309,18,5
1821,284,18,3
1822,246,18,5
1823,1310,18,5
1824,1311,18,5
1825,1312,18,5
1826,1313,18,5
1827,283,18,4
1828,233,18,5
1829,625,18,5
1830,151,18,5
1831,1314,18,5
1832,1315,18,5
1833,274,18,5
1834,1316,18,5
1835,1079,18,4
1836,1317,18,4
1837,40,18,3
1838,1318,18,5
1839,1319,18,5
1840,999,19,4
1841,1320,19,5
1842,425,19,5
1843,306,19,3
1844,1321,19,5
1845,35,19,5
1846,1322,19,5
1847,122,19,5
1848,1323,19,5
1849,1324,19,3
1850,1325,19,4
1851,307,19,5
1852,1140,19,5
1853,229,19,5
1854,1326,19,4
1855,987,19,5
1856,528,19,4
1857,372,19,5
1858,1327,19,4
1859,1328,19,5
1860,48,19,5
1861,260,19,4
1862,326,19,3
1863,124,19,5
1864,707,19,5
1865,223,19,4
1866,94,19,5
1867,96,19,5
1868,227,19,5
1869,1329,19,5
1870,1330,19,5
1871,335,19,2
1872,1331,19,5
1873,538,19,2
1874,1332,19,4
1875,1333,19,5
1876,1334,19,1
1877,1335,19,4
1878,1336,19,5
1879,1337,19,5
1880,1017,19,5
1881,87,19,5
1882,1338,19,5
1883,1339,19,4
1884,886,19,5
1885,1340,19,5
1886,1341,19,5
1887,1287,19,5
1888,1342,19,5
1889,51,19,4
1890,1343,19,5
1891,567,19,5
1892,1344,19,5
1893,40,19,4
1894,1345,19,4
1895,1346,19,5
1896,1347,19,5
1897,1348,19,5
1898,1349,19,4
1899,1350,19,4
1900,1351,19,4
1901,1352,19,5
1902,1353,19,5
1903,1354,19,5
1904,1355,19,5
1905,1356,19,3
1906,1357,19,5
1907,1253,19,4
1908,1358,19,5
1909,1359,19,5
1910,1360,19,4
1911,1361,19,5
1912,1362,19,3
1913,1307,19,5
1914,188,19,5
1915,982,19,5
1916,1363,19,5
1917,1364,19,5
1918,283,19,3
1919,274,19,5
1920,1365,19,5
1921,270,19,4
1922,1089,19,5
1923,1366,19,5
1924,1367,19,5
1925,1368,20,4
1926,1369,20,5
1927,48,20,5
1928,1370,20,5
1929,528,20,5
1930,1371,20,5
1931,355,20,5
1932,347,20,5
1933,1372,20,5
1934,1373,20,5
1935,317,20,4
1936,1374,20,5
1937,64,20,5
1938,488,20,4
1939,1060,20,4
1940,1375,20,4
1941,124,20,5
1942,948,20,4
1943,1376,20,4
1944,363,20,4
1945,1377,20,4
1946,540,20,5
1947,102,20,5
1948,773,20,5
1949,1378,20,5
1950,775,20,5
1951,621,20,4
1952,1379,20,5
1953,781,20,5
1954,127,20,5
1955,1380,20,3
1956,287,20,5
1957,1381,20,3
1958,1382,20,5
1959,1383,20,5
1960,86,20,5
1961,979,20,5
1962,1384,20,5
1963,1385,20,5
1964,1386,20,4
1965,431,20,5
1966,509,20,5
1967,1387,20,5
1968,1388,20,3
1969,1389,20,5
1970,1390,20,5
1971,538,20,4
1972,155,20,4
1973,199,20,5
1974,856,20,5
1975,1391,20,5
1976,1392,20,3
1977,832,20,5
1978,513,20,5
1979,298,21,4
1980,1393,21,5
1981,1394,21,5
1982,1395,21,3
1983,577,21,2
1984,864,21,4
1985,1396,21,4
1986,1397,21,4
1987,1398,21,5
1988,1399,21,5
1989,686,21,5
1990,1400,21,5
1991,1401,21,4
1992,855,21,5
1993,1130,21,5
1994,1402,21,5
1995,46,21,4
1996,1403,21,4
1997,1404,21,5
1998,1330,21,4
1999,1405,21,4
2000,107,21,4
2001,1406,21,5
2002,1407,21,4
2003,739,21,4
2004,1408,21,5
2005,336,21,5
2006,259,21,4
2007,124,21,4
2008,1409,21,5
2009,1410,21,5
2010,1411,21,5
2011,58,21,5
2012,1412,21,5
2013,1413,21,5
2014,1414,21,4
2015,1415,21,4
2016,1416,21,5
2017,1417,21,5
2018,1418,21,4
2019,1419,21,4
2020,1420,21,5
2021,1421,21,3
2022,1422,21,3
2023,1423,21,5
2024,1424,21,4
2025,1425,21,4
2026,1426,21,3
2027,1427,21,5
2028,1428,21,5
2029,1429,21,4
2030,429,21,5
2031,1430,21,4
2032,1431,21,5
2033,1432,21,4
2034,1433,21,4
2035,538,21,3
2036,1434,21,4
2037,1435,21,4
2038,1436,21,5
2039,1437,21,4
2040,1438,21,5
2041,1439,21,5
2042,1440,21,5
2043,1441,21,5
2044,1442,21,5
2045,1443,21,5
2046,1444,21,5
2047,284,21,3
2048,153,21,5
2049,875,21,4
2050,1445,21,3
2051,1446,21,3
2052,1447,21,4
2053,373,21,3
2054,1448,21,3
2055,1449,21,3
2056,1450,21,4
2057,1451,21,4
2058,1452,21,3
2059,1453,21,5
2060,1454,21,3
2061,1182,21,5
2062,1455,21,5
2063,222,21,5
2064,1456,21,4
2065,1457,21,5
2066,1458,21,4
2067,1459,21,5
2068,55,21,4
2069,1460,21,4
2070,1461,21,5
2071,1462,21,5
2072,1463,21,5
2073,611,21,4
2074,1464,21,4
2075,1465,21,5
2076,1466,21,4
2077,113,21,4
2078,111,21,4
2079,1467,21,4
2080,1468,21,5
2081,106,21,5
2082,205,21,5
2083,1469,21,5
2084,1470,21,5
2085,1471,21,5
2086,622,21,5
2087,1472,21,4
2088,1473,21,4
2089,1474,21,1
2090,1475,21,5
2091,1476,21,4
2092,1477,21,4
2093,1478,21,5
2094,1479,21,5
2095,1480,21,5
2096,391,21,5
2097,372,21,4
2098,1481,21,5
2099,1482,21,4
2100,1483,21,5
2101,1484,21,4
2102,96,21,5
2103,1485,21,5
2104,1486,21,4
2105,1487,21,5
2106,1488,21,4
2107,64,21,5
2108,127,21,4
2109,1489,21,5
2110,1490,21,5
2111,1198,21,5
2112,1307,21,5
2113,414,21,5
2114,1491,21,5
2115,1492,21,5
2116,1493,21,5
2117,1494,21,5
2118,1495,21,5
2119,939,21,5
2120,1496,21,5
2121,1161,21,4
2122,1497,21,3
2123,506,21,5
2124,1498,21,5
2125,1499,21,4
2126,1500,21,4
2127,1501,21,5
2128,286,21,4
2129,1502,21,5
2130,755,21,5
2131,84,21,3
2132,1503,21,5
2133,1504,21,3
2134,491,21,4
2135,1505,21,5
2136,1506,21,5
2137,1507,21,5
2138,1508,21,5
2139,1509,21,5
2140,1510,21,5
2141,1377,21,4
2142,1511,21,5
2143,1512,21,5
2144,1117,21,5
2145,1513,21,5
2146,1514,21,5
2147,1515,21,5
2148,1516,21,4
2149,1380,21,4
2150,258,21,5
2151,174,21,4
2152,1517,21,5
2153,1081,21,5
2154,1518,21,4
2155,1519,21,5
2156,1520,21,3
2157,1521,21,5
2158,1096,21,5
2159,412,21,5
2160,1522,21,5
2161,164,21,5
2162,1523,21,5
2163,1524,21,4
2164,1525,21,5
2165,1526,21,5
2166,1527,21,3
2167,1528,21,4
2168,1529,21,5
2169,1530,21,4
2170,1531,21,5
2171,1532,21,5
2172,1533,21,5
2173,658,21,5
2174,1534,21,5
2175,1535,21,5
2176,1536,21,5
2177,1537,21,3
2178,153,21,5
2179,1538,21,5
2180,1539,21,5
2181,1540,21,4
2182,629,21,5
2183,1541,21,5
2184,1542,21,5
2185,1543,21,4
2186,1544,21,5
2187,1545,21,4
2188,1546,21,4
2189,1547,21,4
2190,1548,21,3
2191,652,21,4
2192,1549,21,4
2193,1550,21,5
2194,1551,21,5
2195,1552,21,5
2196,1079,21,5
2197,1553,21,5
2198,1554,21,3
2199,655,21,4
2200,1555,21,5
2201,1556,21,3
2202,1064,21,4
2203,1557,21,4
2204,1558,21,4
2205,129,21,3
2206,1384,21,5
2207,1559,21,4
2208,1560,21,3
2209,1561,21,3
2210,1337,21,5
2211,1562,21,5
2212,651,21,3
2213,1563,21,5
2214,1564,21,3
2215,1565,21,3
2216,87,21,4
2217,1566,21,4
2218,1567,21,5
2219,1568,21,5
2220,1569,21,4
2221,411,21,4
2222,1570,21,3
2223,1571,21,4
2224,1572,21,4
2225,478,21,5
2226,1573,21,5
2227,1574,21,4
2228,1575,21,4
2229,1576,21,5
2230,1577,21,1
2231,1578,21,3
2232,634,21,5
2233,128,21,4
2234,1579,21,5
2235,1580,21,4
2236,1581,21,4
2237,820,21,2
2238,567,21,4
2239,1582,21,5
2240,1583,21,4
2241,1584,21,5
2242,1585,21,5
2269,1586,22,5
2270,1587,22,5
2271,1588,22,4
2272,1589,22,4
2273,1590,22,4
2274,1591,22,3
2275,276,22,5
2276,111,22,3
2277,1592,22,5
2278,1593,22,5
2279,1594,22,3
2280,1595,22,5
2281,1496,22,5
2282,1596,22,5
2283,629,22,5
2284,1597,22,5
2285,1598,22,5
2286,1599,22,5
2287,1600,22,5
2288,1601,22,2
2289,1602,22,5
2290,290,22,5
2291,1603,22,5
2292,1604,22,5
2293,1605,22,5
2294,79,22,4
2295,968,23,3
2296,46,23,4
2297,1606,23,5
2298,1607,23,3
2299,1608,23,4
2300,1609,23,5
2301,1050,23,3
2302,1610,23,5
2303,1611,23,4
2304,1612,23,3
2305,1613,23,3
2306,1614,23,4
2307,1615,23,5
2308,1616,23,5
2309,719,23,3
2310,1617,23,5
2311,1618,23,5
2312,1619,23,5
2313,1620,23,3
2314,1621,23,4
2315,317,23,5
2316,1622,23,4
2317,1546,23,4
2318,1623,23,5
2319,363,23,4
2320,123,23,5
2321,1624,23,4
2322,1625,23,5
2323,87,23,4
2324,1626,23,5
2325,1627,23,3
2326,519,23,4
2327,1628,23,4
2328,1629,23,4
2329,1630,23,5
2330,1631,23,4
2331,1632,23,3
2332,1633,23,3
2333,1634,23,1
2334,1635,23,5
2335,1583,23,4
2336,1544,23,5
2337,1636,23,3
2338,1637,23,4
2339,1638,23,5
2340,1639,23,5
2341,1640,23,5
2342,1641,23,3
2343,1642,23,5
2344,1643,23,4
2345,1644,23,4
2346,1645,23,5
2347,1646,23,4
2348,1647,23,5
2349,1648,23,3
2350,1649,23,5
2351,1650,23,4
2352,1651,23,5
2353,1652,23,3
2354,1234,23,4
2355,1653,23,5
2356,1375,23,4
2357,1654,23,4
2358,1655,23,5
2359,1656,23,4
2360,1657,23,5
2361,1658,23,4
2362,590,23,4
2363,1659,23,4
2364,1660,23,5
2365,1661,23,4
2366,1662,23,5
2367,1663,23,4
2368,1664,23,3
2369,1665,23,5
2370,1666,23,3
2371,1667,23,5
2372,1668,23,5
2373,95,23,2
2374,1669,23,5
2375,882,23,4
2376,1670,23,5
2377,271,23,4
2378,1671,23,5
2379,1672,23,4
2380,1673,23,5
2381,1674,23,5
2382,1675,23,4
2383,900,23,5
2384,1676,23,5
2385,1677,23,5
2386,1466,23,1
2387,1678,23,5
2388,1679,23,5
2389,1680,23,5
2390,1681,23,5
2391,1682,23,5
2392,1486,23,4
2393,205,23,5
2394,1683,23,5
2395,1684,23,5
2396,1685,23,5
2397,1686,23,4
2398,1687,23,4
2399,1688,23,5
2400,1689,23,4
2401,1690,23,4
2402,1691,23,5
2403,372,23,5
2404,1692,23,4
2405,1693,23,4
2406,1694,23,5
2407,1444,23,3
2408,1695,23,4
2409,1696,23,5
2410,1697,23,5
2411,1698,23,5
2412,1699,23,5
2413,580,23,4
2414,1700,23,5
2415,1701,23,5
2416,1702,23,3
2417,1703,23,5
2418,1704,23,4
2419,1705,23,4
2420,129,23,2
2421,1115,23,4
2422,1706,23,4
2423,1707,23,3
2424,1708,23,4
2425,1709,23,5
2426,1710,23,4
2427,1711,23,5
2428,1712,23,5
2429,1713,23,3
2430,1714,23,4
2431,1715,23,3
2432,1716,23,5
2433,1094,23,4
2434,1717,23,4
2435,718,23,5
2436,1718,23,5
2437,1719,23,5
2438,1720,23,1
2439,1721,23,4
2440,1722,23,1
2441,1723,23,5
2442,1724,23,4
2443,638,23,5
2444,1565,23,5
2445,1725,23,5
2446,1726,23,5
2447,1727,23,4
2448,1728,23,4
2449,1729,23,5
2450,414,23,5
2451,1730,23,4
2452,1731,23,4
2453,199,23,5
2454,201,23,5
2455,1732,23,3
2456,1733,23,5
2457,1734,23,4
2458,1735,23,2
2459,1736,23,4
2460,1737,23,5
2461,1738,23,3
2462,1739,23,5
2463,489,23,5
2464,1740,23,5
2465,1741,23,4
2466,1742,23,5
2467,1743,23,5
2468,1744,23,4
2469,1745,23,5
2470,1746,23,5
2471,796,23,4
2472,1747,23,5
2473,1748,23,5
2474,1749,23,5
2475,1750,23,5
2476,608,23,4
2477,1751,23,3
2478,1752,23,3
2479,1753,23,4
2480,1754,23,4
2481,1755,23,3
2482,1756,23,5
2483,1757,23,5
2484,1758,23,3
2485,1759,23,5
2486,1760,23,4
2487,1761,23,4
2488,674,23,4
2489,1762,23,5
2490,1763,23,5
2491,866,23,5
2492,1764,23,2
2493,658,23,4
2494,1765,23,5
2495,1766,23,3
2496,1767,23,4
2497,1768,23,5
2498,1769,23,5
2499,153,23,5
2500,1770,24,5
2501,952,24,5
2502,48,24,5
2503,124,24,5
2504,36,24,3
2505,40,24,4
2506,262,24,5
2507,1771,24,5
2508,1772,24,5
2509,1773,24,5
2510,1774,24,5
2511,1775,24,5
2512,94,24,5
2513,164,24,5
2514,1134,24,5
2515,1776,24,4
2516,283,24,5
2517,1777,24,5
2518,1778,24,5
2519,301,25,4
2520,1779,25,5
2521,138,25,4
2522,1780,25,5
2523,1781,25,4
2524,355,25,5
2525,1782,25,4
2526,151,25,5
2527,293,25,5
2528,1783,25,5
2529,298,26,4
2530,384,26,5
2531,1784,26,5
2532,1785,26,5
2533,1786,26,4
2534,48,26,5
2535,1125,26,5
2536,1787,26,5
2537,1788,26,4
2538,36,26,4
2539,110,26,5
2540,78,26,3
2541,429,26,5
2542,649,26,5
2543,46,26,4
2544,1789,26,5
2545,1790,26,5
2546,1791,26,4
2547,124,26,5
2548,745,26,5
2549,952,26,5
2550,1690,26,4
2551,335,26,4
2552,1792,26,5
2553,1793,26,5
2554,1794,26,5
2555,1795,26,5
2556,1796,26,5
2557,1797,26,5
2558,606,26,5
2559,1798,26,5
2560,205,26,4
2561,102,26,5
2562,274,26,5
2563,1451,26,4
2564,1799,26,4
2565,1800,26,5
2566,127,26,4
2567,1801,26,4
2568,295,26,5
2569,1236,26,5
2570,1802,26,4
2571,164,26,5
2572,513,26,5
2573,1803,26,4
2574,1804,26,5
2575,1805,26,5
2576,1806,26,5
2577,1807,26,5
2578,279,26,5
2579,538,26,3
2580,179,26,3
2581,1808,26,5
2582,280,26,5
2583,1809,26,3
2584,1810,26,5
2585,1811,26,5
2586,1812,26,5
2587,1813,26,3
2588,1814,26,5
2589,1815,26,5
2590,48,27,5
2591,1816,27,4
2592,232,27,4
2593,1817,27,5
2594,1818,27,5
2595,1819,27,5
2596,442,27,4
2597,1820,27,5
2598,1821,27,5
2599,301,28,4
2600,686,28,5
2601,1822,28,5
2602,526,28,4
2603,48,28,4
2604,1823,28,5
2605,1824,28,4
2606,44,28,5
2607,1825,28,1
2608,110,28,5
2609,98,28,5
2610,690,28,5
2611,1826,28,5
2612,65,28,4
2613,94,28,5
2614,693,28,5
2615,952,28,5
2616,129,28,3
2617,1827,28,5
2618,42,28,5
2619,1009,28,5
2620,124,28,5
2621,954,28,5
2622,1828,28,4
2623,1829,28,5
2624,1830,28,2
2625,40,28,4
2626,1831,28,5
2627,1832,28,5
2628,79,28,4
2629,279,28,5
2630,270,28,5
2631,1833,28,5
2632,1834,28,5
2633,1835,28,5
2634,169,28,3
2635,884,28,5
2636,1836,28,5
2637,128,28,4
2638,234,28,5
2639,1388,28,3
2640,538,28,5
2641,1017,28,5
2642,348,28,5
2643,80,28,5
2644,122,28,5
2645,1837,28,5
2646,400,28,5
2647,1838,28,5
2648,1377,28,5
2649,943,28,4
2650,1839,28,5
2651,1840,28,4
2652,229,28,5
2653,655,28,5
2654,1841,28,5
2655,1842,28,5
2656,1544,28,5
2657,1843,28,4
2658,1844,28,5
2659,1845,28,5
2660,338,28,4
2661,840,28,5
2662,88,28,1
2663,1846,28,4
2664,179,28,5
2665,1847,28,5
2666,1848,28,5
2667,1849,28,5
2668,1850,28,5
2669,839,28,5
2670,295,28,5
2671,274,28,5
2672,1851,28,5
2673,335,28,4
2674,123,28,5
2675,1444,28,5
2676,562,28,4
2677,1852,28,5
2678,1853,28,4
2679,1854,28,5
2680,1855,28,5
2681,980,28,5
2682,145,28,5
2683,1856,28,5
2684,1304,28,5
2685,1857,28,5
2686,833,28,5
2687,1858,28,4
2688,1859,28,5
2689,1860,28,5
2690,1861,28,3
2691,1862,28,5
2692,1863,28,5
2693,487,28,5
2694,1864,28,5
2695,459,28,5
2696,1523,28,5
2697,663,28,5
2698,151,28,5
2735,1865,29,5
2736,960,29,5
2737,1866,29,4
2738,38,29,5
2739,526,29,5
2740,1867,29,5
2741,1868,29,5
2742,844,29,5
2743,1869,29,5
2744,1870,29,5
2745,1871,29,5
2746,1872,29,5
2747,80,29,5
2748,1873,29,4
2749,110,29,5
2750,1874,29,3
2751,40,29,5
2752,1875,29,5
2753,47,29,5
2754,1876,29,5
2755,1877,29,4
2756,1878,29,5
2757,1130,29,5
2758,215,29,4
2759,1879,29,5
2760,835,29,5
2761,1880,29,5
2762,1881,29,4
2763,1882,29,5
2764,1883,29,4
2765,1154,29,5
2766,1884,29,5
2767,1885,29,5
2768,1253,29,5
2769,1886,29,5
2770,124,29,4
2771,1887,29,4
2772,85,29,3
2773,1888,29,5
2774,1889,29,5
2775,1890,29,5
2776,153,29,5
2777,1891,29,4
2778,993,29,5
2779,940,29,5
2780,1892,29,5
2781,102,29,5
2782,1893,29,5
2783,132,29,5
2784,1894,29,4
2785,1895,29,5
2786,1896,29,5
2787,1897,29,5
2788,129,29,3
2789,1898,29,4
2790,1899,29,5
2791,1900,29,5
2792,1901,29,5
2793,1902,29,5
2794,1353,29,5
2795,164,29,5
2796,1903,29,4
2797,1904,29,4
2798,1905,29,5
2799,1906,29,3
2800,1907,29,5
2801,1908,29,5
2802,1909,29,5
2803,1910,29,2
2804,1911,29,5
2805,1912,29,3
2806,155,29,4
2807,1390,29,5
2808,1913,29,5
2809,1914,29,5
2810,1915,29,5
2811,1916,29,5
2812,1917,29,5
2813,1918,29,5
2814,1919,29,5
2815,1389,29,5
2816,579,29,4
2817,1920,29,5
2818,1921,29,5
2819,1922,29,5
2820,1923,29,5
2821,1924,29,5
2822,1925,29,5
2823,1926,29,5
2824,1043,29,4
2825,1927,29,4
2826,1928,29,5
2827,1929,29,5
2828,1930,29,5
2829,1931,29,5
2830,987,29,5
2831,1932,30,5
2832,959,30,4
2833,1933,30,5
2834,1934,30,5
2835,1868,30,5
2836,1935,30,3
2837,1936,30,5
2838,1937,30,5
2839,1938,30,5
2840,1939,30,5
2841,1940,30,5
2842,1941,30,4
2843,1942,30,5
2844,1943,30,5
2845,261,30,5
2846,223,30,4
2847,56,30,5
2848,1371,30,4
2849,1944,30,5
2850,1945,30,4
2851,1946,30,5
2852,304,30,3
2853,246,30,5
2854,1947,30,5
2855,1948,30,3
2856,1949,30,4
2857,1950,30,5
2858,880,30,5
2859,363,30,4
2860,1951,30,5
2861,1952,30,5
2862,1953,30,5
2863,614,30,4
2864,1954,30,5
2865,1955,30,5
2866,1956,30,4
2867,1076,30,5
2868,1957,30,3
2869,58,30,4
2870,1958,30,4
2871,1959,30,5
2872,1960,30,4
2873,1961,30,5
2874,1962,30,3
2875,511,30,4
2876,1963,30,5
2877,153,30,5
2878,1964,30,5
2879,40,30,3
2880,647,30,5
2881,1965,30,5
2882,1966,30,5
2883,543,30,5
2884,1808,30,5
2885,1967,30,5
2886,129,30,2
2887,1968,30,5
2888,1969,30,3
2889,1970,30,3
2890,1971,30,5
2891,1972,30,4
2892,1973,30,5
2893,188,30,5
2894,1974,30,5
2895,1975,30,5
2896,1976,30,4
2897,232,30,3
2898,1977,30,4
2899,1978,30,5
2900,550,30,5
2901,592,30,5
2902,1979,31,5
2903,1866,31,4
2904,1980,31,5
2905,1981,31,5
2906,80,31,5
2907,298,31,4
2908,1250,31,4
2909,1982,31,4
2910,1983,31,5
2911,1984,31,4
2912,1985,31,5
2913,1986,31,4
2914,216,31,5
2915,1987,31,3
2916,1988,31,5
2917,236,31,4
2918,1989,31,3
2919,1865,31,5
2920,1990,31,5
2921,1413,31,4
2922,1991,31,3
2923,1992,31,5
2924,1993,31,5
2925,1994,31,5
2926,1995,31,3
2927,1996,31,3
2928,688,31,4
2929,1997,31,4
2930,1998,31,5
2931,1055,31,5
2932,1999,31,4
2933,227,31,5
2934,2000,31,5
2935,2001,31,4
2936,2002,31,5
2937,2003,31,4
2938,2004,31,4
2939,320,31,4
2940,2005,31,5
2941,1690,31,4
2942,2006,31,5
2943,2007,31,4
2944,2008,31,5
2945,2009,31,4
2946,2010,31,2
2947,2011,31,5
2948,2012,31,5
2949,2013,31,3
2950,2014,31,4
2951,2015,31,1
2952,87,31,3
2953,2016,31,5
2954,2017,31,4
2955,2018,31,5
2956,2019,31,3
2957,120,31,5
2958,719,31,5
2959,2020,31,5
2960,1057,31,4
2961,2021,31,5
2962,2022,31,5
2963,2023,31,5
2964,2024,31,5
2965,2025,31,4
2966,2026,31,5
2967,2027,31,5
2968,1266,31,4
2969,2028,31,5
2970,2029,31,5
2971,2030,31,4
2972,2031,31,4
2973,2032,31,3
2974,2033,31,1
2975,2034,31,4
2976,372,31,5
2977,626,31,4
2978,2035,31,1
2979,51,31,4
2980,196,31,3
2981,1262,31,5
2982,2036,31,2
2983,2037,31,5
2984,2038,31,1
2985,2039,31,5
2986,849,31,4
2987,2040,31,5
2988,207,31,5
2989,45,31,3
2990,2041,31,4
2991,1711,31,4
2992,695,31,3
2993,590,31,5
2994,2042,31,5
2995,762,31,5
2996,1336,31,5
2997,2043,31,3
2998,2044,31,3
2999,595,31,4
3000,2045,31,5
3001,2046,31,5
3002,155,31,4
3003,2047,31,4
3004,2048,31,5
3005,1828,31,4
3006,2049,31,5
3007,2050,31,5
3008,1764,31,4
3009,2051,31,4
3010,2052,31,4
3011,2053,31,5
3012,1010,31,4
3013,2054,31,5
3014,2055,31,4
3015,2056,31,3
3016,94,31,5
3017,2057,31,5
3018,218,31,4
3019,901,31,5
3020,1727,31,3
3021,1075,31,5
3022,1428,31,3
3023,229,31,5
3024,2058,31,5
3025,1275,31,5
3026,2059,31,3
3027,652,31,4
3028,2060,31,5
3029,2061,31,3
3030,2062,31,4
3031,98,31,5
3032,1707,31,4
3033,2063,31,4
3034,2064,31,4
3035,2065,31,5
3036,2066,31,4
3037,363,31,4
3038,2067,31,4
3039,2068,31,3
3040,2069,31,5
3041,403,31,4
3042,2070,31,5
3043,95,31,3
3044,1808,31,5
3045,2071,31,5
3046,2072,31,5
3047,2073,31,4
3048,2074,31,5
3049,425,31,5
3050,2075,31,5
3051,2076,31,3
3052,2077,31,5
3053,2078,31,5
3054,233,31,4
3055,2079,31,4
3056,2080,31,5
3057,2081,31,4
3058,2082,31,5
3059,2083,31,4
3060,2084,31,5
3061,1466,31,3
3062,111,31,5
3063,2085,31,4
3064,2086,31,3
3065,2087,31,5
3066,2088,31,3
3067,2089,31,3
3068,940,31,5
3069,118,31,1
3070,2090,31,4
3071,2091,31,5
3072,453,31,1
3073,2092,31,5
3074,2093,31,5
3075,2094,31,5
3076,2095,31,5
3077,128,31,3
3078,619,31,5
3079,2096,31,5
3080,2097,31,4
3081,102,31,3
3082,2098,31,5
3083,919,31,3
3084,276,31,5
3085,2099,31,5
3086,2100,31,5
3087,2101,31,5
3088,2102,31,4
3089,2103,31,3
3090,2104,31,4
3091,259,31,5
3092,2105,31,5
3093,2106,31,5
3094,1020,31,3
3095,2107,31,5
3096,2108,31,3
3097,2109,31,4
3098,1337,31,5
3099,64,31,5
3100,144,31,5
3101,156,31,4
3102,2110,31,3
3103,655,31,4
3104,1133,31,5
3105,2111,31,4
3106,2112,31,5
3107,2113,31,3
3108,2114,31,5
3109,2115,31,5
3110,2116,31,4
3111,2117,31,4
3112,1977,31,5
3113,2118,31,5
3114,2119,31,5
3115,705,31,5
3116,252,31,4
3117,2120,31,4
3118,338,31,3
3119,2121,31,5
3120,1916,31,5
3121,1145,31,3
3122,2122,31,5
3123,2123,31,5
3124,326,31,4
3125,472,31,5
3126,601,31,3
3127,2124,31,3
3128,2125,31,5
3129,2126,31,5
3130,664,31,4
3131,1130,31,3
3132,2127,31,5
3133,868,31,4
3134,2128,31,5
3135,929,31,4
3136,2129,31,4
3137,2130,31,5
3138,1566,31,4
3139,2131,31,4
3140,2132,31,3
3141,1916,31,5
3142,2133,31,5
3143,96,31,5
3144,2134,31,4
3145,2135,31,5
3146,136,31,4
3147,1115,31,5
3148,737,31,3
3149,574,31,5
3150,2136,31,5
3151,2137,31,1
3152,2138,31,2
3153,647,31,5
3154,2139,31,3
3155,2140,31,3
3156,2141,31,1
3157,428,31,5
3158,2142,31,5
3159,2143,31,5
3160,527,31,3
3161,2144,31,3
3162,2145,31,5
3163,682,31,5
3164,2146,31,5
3165,2147,31,5
3166,2148,31,5
3167,2149,31,4
3168,2150,31,4
3169,538,31,3
3170,2151,31,5
3171,2152,31,5
3172,165,31,5
3173,174,31,3
3174,2153,31,5
3175,2154,31,3
3176,2155,31,4
3177,2156,31,5
3178,2157,31,5
3179,2158,31,5
3180,1142,31,5
3181,2159,31,4
3182,2160,31,4
3183,2161,31,2
3184,1081,31,4
3185,2162,31,4
3186,903,31,5
3187,1307,31,4
3188,2163,31,5
3189,335,31,4
3190,1442,31,5
3191,402,31,3
3192,1799,31,4
3193,2164,31,3
3194,2165,31,5
3195,2166,31,4
3196,2167,31,3
3197,2168,31,4
3198,232,31,4
3199,1375,31,4
3200,2169,31,4
3201,2170,31,5
3202,511,31,5
3203,2171,31,4
3204,2172,31,5
3205,2173,31,4
3206,362,31,3
3207,2174,31,5
3208,123,31,5
3209,2175,31,5
3210,2176,31,5
3211,2177,31,3
3212,2178,31,4
3213,2179,31,4
3214,907,31,5
3215,2180,31,5
3216,579,31,5
3217,2181,31,5
3218,2182,31,5
3219,954,31,5
3220,1218,31,4
3221,1920,31,5
3222,2183,31,5
3223,2184,31,4
3224,2185,31,4
3225,2186,31,5
3226,2187,31,4
3227,2188,31,3
3228,1150,31,5
3229,246,31,5
3230,799,31,5
3231,1298,31,5
3232,2189,31,5
3233,1358,31,5
3234,1292,31,5
3235,2190,31,5
3236,2191,31,5
3237,2192,31,4
3238,2193,31,5
3239,2194,31,4
3240,2195,31,4
3241,2196,31,5
3242,2197,31,4
3243,2198,31,4
3244,1092,31,5
3245,2199,31,4
3246,2200,31,4
3247,1851,31,5
3248,2201,31,5
3249,2202,31,4
3250,2203,31,5
3251,796,31,5
3252,1320,31,4
3253,2204,31,5
3254,2205,31,3
3255,2206,31,4
3256,1767,31,5
3257,52,31,4
3258,2207,31,5
3259,139,31,4
3260,2208,31,4
3261,2209,31,3
3262,872,31,4
3263,523,31,4
3264,1759,31,5
3265,1574,31,4
3266,788,31,4
3267,2210,31,3
3268,2211,31,3
3269,2212,31,5
3270,1549,31,4
3271,2213,31,1
3272,2214,31,5
3273,2215,31,3
3274,667,31,4
3275,1201,31,3
3276,2216,31,3
3277,2217,31,2
3278,164,31,5
3279,2218,31,4
3280,2219,31,5
3281,2220,31,4
3282,2221,31,5
3283,2222,31,5
3284,2223,31,5
3285,1079,31,4
3286,2224,31,5
3287,2225,31,4
3288,1755,31,5
3289,2226,31,5
3290,2227,31,5
3291,231,31,3
3292,2228,31,4
3293,2229,31,5
3294,2230,31,5
3295,2231,31,4
3296,2232,31,5
3297,839,31,5
3298,2233,31,5
3299,2234,31,3
3300,129,31,3
3301,2235,31,5
3302,2236,31,5
3303,2237,31,3
3304,2238,32,5
3305,301,32,5
3306,843,32,4
3307,2239,32,5
3308,2240,32,4
3309,2002,32,5
3310,2241,32,5
3311,2242,32,5
3312,2243,32,4
3313,2244,32,5
3314,2245,32,5
3315,2246,32,5
3316,309,32,5
3317,2247,32,5
3318,2248,32,5
3319,2249,32,5
3320,2250,32,4
3321,562,32,5
3322,2251,32,5
3323,2252,32,5
3324,2253,32,5
3325,2254,32,5
3326,124,32,5
3327,2255,32,5
3328,2256,32,5
3329,2257,32,5
3330,200,32,5
3331,2258,32,5
3332,169,32,4
3333,1966,32,5
3334,2259,32,5
3335,355,32,5
3336,2260,32,5
3337,1127,32,4
3338,1040,32,5
3339,2261,32,5
3340,2262,32,5
3341,295,32,5
3342,151,32,5
3343,2263,32,5
3344,234,32,4
3345,179,32,3
3346,2264,32,4
3347,2265,32,5
3348,2266,32,5
3349,2267,32,5
3350,2268,32,5
3351,1831,32,5
3352,2269,32,5
